n,threads,generations,time
64,serial,1000,0.099946
64,2,1000,0.098900
64,4,1000,0.127454
64,6,1000,0.090891
64,8,1000,0.626236
1024,serial,1000,21.893529
1024,2,1000,15.228226
1024,4,1000,9.354385
1024,6,1000,7.427146
1024,8,1000,7.622304
4096,serial,1000,351.460286
4096,2,1000,250.235227
4096,4,1000,154.376816
4096,6,1000,129.368668
4096,8,1000,126.190387
