n,threads,generations,time
64,serial,1000,0.100687
64,2,1000,0.125878
64,4,1000,0.111878
64,6,1000,0.176613
64,8,1000,0.175769
1024,serial,1000,22.095231
1024,2,1000,21.523464
1024,4,1000,20.195892
1024,6,1000,20.431730
1024,8,1000,19.023498
4096,serial,1000,366.623445
4096,2,1000,324.597934
4096,4,1000,310.891668
4096,6,1000,327.608454
4096,8,1000,294.569740
